AGS,ADMIN,05.03.2020,06.03.2020,07.03.2020,08.03.2020,09.03.2020,10.03.2020,11.03.2020,12.03.20203,13.03.2020,14.03.2020,15.03.2020,16.03.2020,17.03.2020,18.03.2020,19.03.2020,20.03.2020,21.03.2020,22.03.2020,23.03.2020,24.03.2020,25.03.2020,26.03.2020,27.03.2020,28.03.2020,29.03.2020,30.03.2020,31.03.2020,01.04.2020,02.04.2020,03.04.2020,04.04.2020,05.04.2020,06.04.2020
07131,Ahrweiler (Landkreis),0,0,0,0,0,0,0,0,0,3,3,3,14,17,18,24,31,37,44,48,51,56,58,61,63,68,70,71,74,82,83,91,95
09771,Aichach-Friedberg (Landkreis),1,1,1,1,1,1,1,2,2,2,9,9,10,12,16,24,31,31,39,39,47,55,79,90,106,106,120,128,146,158,158,165,171
08425,Alb-Donau-Kreis (Landkreis),2,2,2,3,3,3,3,6,8,8,11,12,13,26,35,43,57,57,64,67,99,121,164,197,197,226,246,267,285,314,343,366,366
16077,Altenburger Land (Landkreis),0,0,0,0,0,0,0,0,0,2,2,3,4,4,5,5,5,5,7,8,16,17,17,18,19,20,20,21,24,28,30,30,30
07132,Altenkirchen (Westerwald) (Landkreis),0,0,0,0,0,0,0,0,0,1,1,2,3,8,11,13,13,17,17,17,25,31,35,39,39,50,53,53,57,59,62,62,66
15081,Altmarkkreis Salzwedel (Landkreis),0,0,0,0,0,0,0,0,1,1,1,1,1,3,3,3,3,6,6,8,9,10,10,12,12,12,14,15,15,17,17,17,19
09171,Altötting (Landkreis),0,0,0,0,0,0,0,0,0,0,0,0,0,5,7,15,18,18,27,44,52,64,81,95,101,106,125,140,176,203,231,255,272
07331,Alzey-Worms (Landkreis),0,0,0,0,0,0,0,0,0,2,2,8,8,23,24,41,48,55,55,55,60,63,70,75,80,84,85,88,93,96,102,107,107
09361,Amberg (Kreisfreie Stadt),0,0,0,0,0,0,0,0,0,0,1,1,1,2,2,2,2,2,5,5,6,7,7,7,9,9,9,18,18,22,37,34,34
09371,Amberg-Sulzbach (Landkreis),0,1,1,3,3,3,3,3,3,4,7,7,7,15,15,17,18,18,27,27,31,36,44,47,56,56,56,83,84,101,137,142,142
03451,Ammerland (Landkreis),1,1,1,1,1,1,1,1,1,7,7,7,7,11,14,17,20,21,24,33,36,44,50,56,64,77,82,88,93,99,103,107,111
15082,Anhalt-Bitterfeld (Landkreis),0,0,0,0,0,0,0,1,1,2,2,2,6,6,6,8,9,12,13,16,17,26,27,30,30,32,37,37,39,39,41,47,48
09561,Ansbach (Kreisfreie Stadt),0,0,0,0,0,0,0,0,0,0,0,1,1,1,1,5,5,5,7,7,7,10,20,21,23,48,29,33,37,42,44,47,56
09571,Ansbach (Landkreis),0,0,0,0,0,0,0,0,0,0,0,2,3,3,3,13,21,34,40,47,47,49,100,100,120,120,149,161,194,217,221,250,266
09661,Aschaffenburg (Kreisfreie Stadt),0,0,0,0,0,1,1,1,1,1,6,6,6,20,20,20,20,22,26,28,30,31,32,36,42,46,46,48,50,60,63,66,68
09671,Aschaffenburg (Landkreis),0,0,0,0,0,0,1,1,1,2,3,3,3,23,23,26,31,40,49,50,65,65,77,90,103,111,123,129,134,167,187,210,233
09761,Augsburg (Kreisfreie Stadt),2,2,3,4,4,4,4,4,5,5,11,11,11,22,30,34,43,46,52,59,75,90,108,130,136,157,172,183,190,201,225,236,247
09772,Augsburg (Landkreis),0,0,0,0,1,5,17,27,27,27,31,35,35,35,41,53,54,68,78,88,100,122,143,152,164,171,181,201,208,224,242,250,261
03452,Aurich (Landkreis),0,0,0,0,0,0,1,1,1,3,12,12,16,17,22,27,27,31,31,31,34,41,48,48,49,49,54,58,64,69,71,71,72
07332,Bad Dürkheim (Landkreis),1,1,1,3,3,3,4,4,6,7,13,15,18,19,35,48,56,72,83,99,110,111,117,136,146,160,162,170,179,189,200,207,220
09672,Bad Kissingen (Landkreis),0,1,1,1,1,1,1,3,3,3,3,3,7,7,9,10,14,17,27,27,32,35,37,54,63,70,73,82,102,118,125,127,132
07133,Bad Kreuznach (Landkreis),0,0,0,0,0,0,0,1,1,1,13,13,23,23,25,30,42,44,46,53,57,64,72,77,90,92,98,108,114,123,127,137,137
09173,Bad Tölz-Wolfratshausen (Landkreis),0,0,0,0,0,0,0,1,2,5,6,10,10,11,11,21,31,38,49,63,74,75,120,126,135,142,160,177,183,228,237,261,266
08211,Baden-Baden (Stadtkreis),0,0,0,1,1,1,1,2,3,3,4,5,7,12,14,19,21,23,27,33,36,36,39,47,64,69,73,84,91,96,101,110,110
09461,Bamberg (Kreisfreie Stadt),0,0,0,0,0,0,0,0,0,0,3,4,4,9,11,21,25,26,30,30,34,39,55,65,67,67,70,80,83,90,93,93,102
09471,Bamberg (Landkreis),0,0,0,0,0,0,0,0,1,4,7,9,9,10,16,41,41,41,48,53,75,107,138,151,161,161,174,182,205,229,237,248,280
12060,Barnim (Landkreis),0,0,0,0,0,0,0,2,2,4,8,10,11,11,20,21,29,37,38,40,46,50,56,61,65,68,71,74,81,87,94,102,109
14625,Bautzen (Landkreis),0,0,0,1,4,4,4,7,12,12,14,19,19,24,36,48,55,56,86,88,101,112,114,141,156,168,171,180,189,193,202,206,207
09462,Bayreuth (Kreisfreie Stadt),0,0,0,0,0,0,0,0,0,0,1,1,1,1,3,7,7,7,7,7,9,19,53,56,56,56,51,55,62,88,105,105,105
09472,Bayreuth (Landkreis),2,2,2,2,2,2,4,4,4,5,6,6,6,6,9,13,21,23,26,38,56,60,85,101,101,112,129,136,142,167,190,190,190
09172,Berchtesgadener Land (Landkreis),0,0,0,0,0,0,0,0,0,4,4,4,9,9,13,19,25,28,31,39,41,48,60,64,68,76,80,96,108,130,140,155,165
06431,Bergstraße (Landkreis),1,1,1,1,1,2,3,3,6,13,15,19,21,25,31,37,47,68,73,84,96,104,123,141,156,168,170,180,192,203,208,221,228
11000,Berlin (Kreisfreie Stadt),9,15,19,28,40,48,58,90,137,174,263,283,332,383,519,688,868,1025,1071,1219,1425,1645,1937,2152,2337,2462,2581,2777,2993,3223,3486,3626,3687
07231,Bernkastel-Wittlich (Landkreis),0,0,0,0,0,0,0,1,3,3,4,4,6,7,9,16,18,21,23,24,31,32,38,45,49,56,62,67,67,74,78,80,85
08426,Biberach (Landkreis),0,0,1,3,3,3,3,3,4,11,12,12,12,38,45,55,55,55,73,74,111,154,187,200,212,225,226,243,260,285,307,323,338
05711,Bielefeld (Kreisfreie Stadt),0,0,0,0,0,0,2,5,15,19,25,27,28,43,49,57,72,81,93,98,104,120,132,142,146,146,164,169,177,188,200,209,222
07134,Birkenfeld (Landkreis),0,0,0,0,0,0,0,0,0,0,0,0,0,2,2,5,5,15,17,17,19,20,25,31,33,34,34,36,38,45,49,51,53
08115,Böblingen (Landkreis),1,1,3,3,3,3,4,4,4,7,9,9,9,66,66,105,125,182,239,255,318,351,398,450,473,473,596,613,664,695,798,821,1001
05911,Bochum (Kreisfreie Stadt),1,1,2,3,3,4,5,5,8,20,24,24,26,26,39,61,81,120,141,143,158,167,180,194,219,245,262,279,285,301,315,315,319
08435,Bodenseekreis (Landkreis),1,3,4,4,4,4,5,8,12,18,31,33,35,48,66,75,75,89,89,100,131,170,172,186,192,196,196,210,218,225,231,236,238
05314,Bonn (Kreisfreie Stadt),1,1,1,1,1,6,7,13,17,23,28,37,55,64,69,75,103,120,133,157,166,180,218,222,241,259,268,289,305,316,353,370,395
15083,Börde (Landkreis),0,0,0,0,0,0,2,2,2,3,4,11,13,16,22,25,29,30,36,40,41,44,44,50,50,53,56,56,60,61,64,66,68
05554,Borken (Kreis),0,1,5,5,5,5,6,7,14,27,45,82,95,123,164,209,252,274,282,296,308,336,368,399,424,438,448,480,525,566,609,650,664
05512,Bottrop (Kreisfreie Stadt),0,0,0,0,0,1,1,1,3,3,3,4,4,9,10,12,13,16,17,17,18,22,22,27,37,38,40,44,45,51,55,55,60
12051,Brandenburg an der Havel (Kreisfreie Stadt),0,0,0,0,0,0,0,0,0,0,0,0,1,1,2,4,7,8,8,10,12,12,13,14,15,16,17,21,24,27,29,31,33
03101,Braunschweig (Kreisfreie Stadt),0,1,1,1,1,1,1,1,2,2,5,5,8,12,13,18,25,29,56,58,63,73,80,94,109,138,144,148,169,189,209,216,225
08315,Breisgau-Hochschwarzwald (Landkreis),4,4,4,5,5,6,6,11,19,36,40,46,50,64,89,126,145,173,173,199,199,235,266,280,378,389,415,453,507,566,614,664,706
04011,Bremen (Kreisfreie Stadt),3,3,4,4,4,4,22,32,38,42,45,48,49,54,62,104,112,153,158,161,181,196,228,247,259,270,277,292,308,319,331,365,368
04012,Bremerhaven (Kreisfreie Stadt),0,0,0,0,0,0,0,0,4,6,8,8,8,12,13,14,14,14,14,14,14,16,16,16,19,20,20,23,22,22,23,23,25
15084,Burgenlandkreis (Landkreis),0,0,0,0,0,0,1,1,1,2,2,4,6,8,12,14,15,15,15,19,21,27,27,27,27,27,34,37,38,38,50,51,52
08235,Calw (Landkreis),0,0,1,1,1,3,6,7,12,15,34,43,43,58,77,92,113,132,150,159,183,211,231,265,284,304,315,340,355,386,417,432,444
03351,Celle (Landkreis),0,3,3,3,3,3,4,5,6,6,8,8,12,15,21,27,36,36,36,44,50,55,61,69,70,72,89,98,102,106,110,110,110
09372,Cham (Landkreis),0,0,0,2,5,8,8,11,17,19,20,21,21,23,29,31,40,47,68,73,75,95,103,120,141,141,165,185,192,236,243,261,267
14511,Chemnitz (Kreisfreie Stadt),0,0,0,0,0,0,3,3,3,3,10,12,12,16,18,27,35,42,51,55,59,61,71,74,87,96,104,114,117,133,134,143,147
03453,Cloppenburg (Landkreis),0,0,0,0,0,0,0,0,1,1,2,2,2,2,2,3,9,11,13,14,14,18,24,24,31,31,39,38,38,38,46,50,56
09463,Coburg (Kreisfreie Stadt),0,0,0,0,0,0,0,0,0,0,0,1,2,2,3,3,6,8,10,10,10,14,15,17,20,23,23,24,25,26,29,31,32
09473,Coburg (Landkreis),0,0,0,0,0,0,0,0,1,1,3,3,6,6,10,13,19,22,22,23,27,33,36,38,46,50,51,54,62,67,73,79,84
07135,Cochem-Zell (Landkreis),0,0,0,0,0,0,0,0,0,5,5,6,19,25,35,38,43,45,45,59,62,73,80,87,99,100,100,108,112,115,117,117,117
05558,Coesfeld (Kreis),1,13,13,16,16,21,21,22,30,39,47,50,53,70,85,93,127,152,152,166,182,207,232,264,293,303,310,334,358,372,377,394,399
12052,Cottbus (Kreisfreie Stadt),0,0,0,0,0,0,3,3,3,8,13,15,16,17,20,20,20,22,24,27,28,28,29,29,30,31,31,31,32,34,34,34,34
03352,Cuxhaven (Landkreis),1,1,2,2,2,3,3,3,4,5,5,5,5,13,22,28,28,32,34,38,39,39,46,49,53,53,54,55,56,59,60,63,63
09174,Dachau (Landkreis),0,0,0,0,3,3,3,5,6,7,10,10,18,18,35,55,63,63,105,111,128,174,220,249,249,290,294,336,373,378,457,457,500
12061,Dahme-Spreewald (Landkreis),0,0,0,0,0,0,0,0,1,1,1,3,6,6,16,18,21,25,25,27,31,34,41,59,60,70,70,81,99,102,113,115,117
06411,Darmstadt (Kreisfreie Stadt),0,0,0,0,0,0,0,0,0,0,2,6,6,11,11,16,21,23,26,27,27,33,38,48,58,59,62,70,72,79,83,87,92
06432,Darmstadt-Dieburg (Landkreis),0,0,0,0,0,0,1,1,1,4,5,6,10,14,18,26,62,63,73,73,82,99,114,128,148,157,161,177,195,207,215,223,231
09271,Deggendorf (Landkreis),0,0,0,0,0,0,1,1,1,1,6,10,10,21,22,27,35,45,52,59,61,76,90,100,111,113,116,122,131,137,145,151,154
03401,Delmenhorst (Kreisfreie Stadt),0,1,1,1,1,1,1,1,1,5,5,5,5,5,5,8,8,8,8,8,12,13,16,17,17,17,20,22,24,24,25,26,26
15001,Dessau-Roßlau (Kreisfreie Stadt),0,0,0,0,0,0,0,0,0,1,1,1,2,3,4,5,9,10,11,12,15,16,20,20,20,20,20,20,20,23,29,33,35
03251,Diepholz (Landkreis),0,0,0,0,0,0,0,0,3,11,21,21,25,35,37,47,63,75,75,90,100,102,111,117,126,126,138,154,166,184,204,211,221
09773,Dillingen a.d. Donau (Landkreis),0,0,0,0,0,0,0,0,0,0,0,0,0,0,1,1,6,8,8,17,17,17,26,29,33,38,48,52,52,62,78,80,90
09279,Dingolfing-Landau (Landkreis),0,0,0,0,1,1,1,3,5,7,8,13,13,14,17,18,22,31,35,40,41,53,61,75,77,89,94,96,98,98,112,126,126
01051,Dithmarschen (Kreis),0,1,1,1,1,1,1,1,1,1,1,6,6,6,10,11,11,12,12,15,15,16,19,20,24,24,28,27,28,33,35,37,37
09779,Donau-Ries (Landkreis),0,0,0,2,2,3,3,3,6,6,6,6,10,10,10,16,20,20,20,33,33,47,58,67,67,76,90,93,95,118,173,173,191
07333,Donnersbergkreis (Landkreis),0,0,0,0,0,0,0,0,1,2,2,2,7,11,12,13,24,28,29,31,35,47,50,52,53,58,58,62,64,67,68,70,71
05913,Dortmund (Kreisfreie Stadt),0,2,2,2,2,2,5,12,14,19,24,33,37,62,76,95,140,153,161,170,183,205,223,238,256,259,285,304,333,360,380,393,414
14612,Dresden (Kreisfreie Stadt),0,0,0,0,2,3,4,5,6,11,11,23,23,40,49,60,97,115,123,154,169,216,239,287,314,320,339,358,378,398,407,436,448
05112,Duisburg (Kreisfreie Stadt),3,3,3,3,3,3,3,7,9,10,14,24,30,46,52,75,81,89,133,142,160,174,215,245,266,276,286,317,338,354,379,379,394
05358,Düren (Kreis),2,4,4,4,4,5,6,7,15,16,23,24,46,54,74,74,111,127,142,150,152,168,190,209,232,243,248,269,282,285,307,341,347
05111,Düsseldorf (Kreisfreie Stadt),1,1,3,4,4,4,5,6,16,16,23,54,54,130,159,198,207,207,249,249,270,289,319,342,342,361,412,460,496,543,575,575,595
09175,Ebersberg (Landkreis),1,1,4,7,7,11,13,13,13,19,21,22,27,29,34,39,42,52,52,52,72,88,117,133,150,168,176,192,208,224,242,265,282
16061,Eichsfeld (Landkreis),0,0,0,0,0,0,0,0,0,0,1,2,3,3,3,4,7,8,16,18,23,31,39,41,45,51,51,52,60,62,66,69,73
09176,Eichstätt (Landkreis),0,0,0,0,0,0,0,0,0,1,2,2,2,3,6,6,13,24,24,30,32,38,47,53,53,73,81,93,97,100,112,122,120
07232,Eifelkreis Bitburg-Prüm (Landkreis),0,0,0,0,1,1,1,1,1,4,6,12,16,21,21,29,32,39,44,48,56,61,62,78,88,91,96,97,112,114,117,118,121
16056,Eisenach (Kreisfreie Stadt),0,0,0,0,0,0,0,0,1,1,1,1,1,1,1,1,1,1,1,1,1,1,3,3,4,4,4,4,6,6,8,8,8
12062,Elbe-Elster (Landkreis),0,0,0,0,0,0,3,3,3,5,5,6,6,6,6,7,8,8,8,8,16,16,17,27,27,27,33,38,39,44,53,53,53
03402,Emden (Kreisfreie Stadt),0,0,0,0,0,0,0,0,3,3,3,3,4,4,7,7,7,8,8,8,8,9,9,9,9,9,7,8,10,8,8,10,11
08316,Emmendingen (Landkreis),0,1,1,3,12,13,13,15,17,21,21,36,43,60,69,100,110,122,123,141,154,171,178,191,233,244,264,287,321,350,369,398,401
03454,Emsland (Landkreis),0,0,0,0,0,0,1,1,3,4,10,10,31,36,43,51,56,63,64,67,78,93,102,114,136,140,146,149,165,175,181,191,200
05954,Ennepe-Ruhr-Kreis (Kreis),0,0,0,0,0,0,1,1,3,13,16,17,21,32,38,45,52,61,75,83,92,97,108,119,151,170,191,202,218,226,245,254,260
08236,Enzkreis (Landkreis),0,0,0,1,1,1,1,2,5,5,9,9,9,11,12,21,30,33,34,41,46,55,58,58,77,110,115,125,142,151,168,198,202
09177,Erding (Landkreis),1,1,1,2,2,2,2,3,3,10,11,11,28,28,31,54,70,70,109,129,143,178,210,213,245,297,316,327,350,373,401,401,420
16051,Erfurt (Kreisfreie Stadt),0,0,0,1,1,1,1,2,2,3,3,10,16,16,16,18,27,27,28,44,53,57,62,72,72,74,77,82,87,89,92,94,95
09562,Erlangen (Kreisfreie Stadt),0,4,4,4,4,4,11,11,11,11,11,12,12,13,13,16,20,20,20,30,38,42,52,66,77,78,79,84,92,103,121,133,138
09572,Erlangen-Höchstadt (Landkreis),1,1,2,2,2,2,2,2,2,4,4,5,7,7,9,14,21,21,25,30,39,42,48,48,56,56,59,68,76,91,102,118,118
14521,Erzgebirgskreis (Landkreis),0,0,0,0,0,0,0,0,0,2,2,2,2,11,15,27,29,33,50,55,57,59,65,76,96,104,114,133,150,244,274,276,288
05113,Essen (Kreisfreie Stadt),2,5,5,5,5,5,6,9,12,20,51,54,85,113,129,154,164,197,218,228,239,274,288,298,360,382,399,414,424,429,440,489,512
08116,Esslingen (Landkreis),5,13,14,16,16,18,23,40,47,65,82,119,123,206,206,234,360,360,362,435,462,493,596,648,705,737,761,833,946,1012,1071,1117,1117
05366,Euskirchen (Kreis),0,0,1,1,1,2,2,2,4,6,12,12,13,13,28,37,51,51,51,53,64,68,92,92,101,124,129,134,145,164,209,213,213
01001,Flensburg (Kreisfreie Stadt),0,0,0,0,0,0,0,0,1,1,4,6,7,7,8,10,13,15,15,15,16,18,21,21,21,21,22,23,25,25,27,31,28
09474,Forchheim (Landkreis),0,0,0,0,0,0,0,0,1,4,4,4,4,8,8,14,18,19,19,25,40,45,59,73,73,78,86,86,98,122,134,134,148
07311,Frankenthal (Pfalz) (Kreisfreie Stadt),0,0,0,0,0,0,0,0,0,1,1,1,1,1,3,8,9,11,11,11,12,12,16,18,18,18,23,23,25,25,27,27,27
12053,Frankfurt (Oder) (Kreisfreie Stadt),0,0,0,0,0,1,1,1,1,1,1,1,2,2,2,3,3,5,5,5,5,6,6,6,6,6,6,6,7,10,12,13,14
06412,Frankfurt am Main (Kreisfreie Stadt),4,4,4,4,4,6,6,9,15,21,21,21,21,51,83,95,122,148,148,164,196,212,237,237,330,330,352,396,438,484,504,545,578
08311,Freiburg im Breisgau (Stadtkreis),6,8,8,8,8,12,12,15,18,34,38,53,53,64,86,121,158,195,195,226,230,248,285,333,386,402,426,457,502,562,608,657,684
09178,Freising (Landkreis),14,17,20,22,28,31,51,51,56,56,73,74,87,93,122,145,164,174,218,229,252,296,326,360,397,433,445,485,521,581,616,643,678
08237,Freudenstadt (Landkreis),0,0,0,0,0,0,1,1,2,2,3,10,10,12,14,14,16,33,65,65,72,75,116,125,149,161,177,186,196,218,222,253,276
09272,Freyung-Grafenau (Landkreis),0,0,0,0,0,0,0,0,0,0,0,4,5,7,8,8,8,10,10,20,20,37,37,39,62,79,92,98,102,108,111,113,113
03455,Friesland (Landkreis),0,0,0,0,0,0,2,2,2,2,2,2,3,3,3,3,3,5,6,6,7,7,8,9,10,10,10,12,15,18,20,20,20
06631,Fulda (Landkreis),0,0,0,0,0,2,2,5,5,16,16,29,43,43,43,71,73,77,91,91,103,110,115,123,134,143,148,155,163,190,196,209,217
09179,Fürstenfeldbruck (Landkreis),0,0,0,0,0,3,4,4,6,6,15,18,22,22,23,24,36,51,51,51,94,110,250,275,275,275,320,329,359,474,512,512,512
09563,Fürth (Kreisfreie Stadt),0,0,0,0,0,0,5,5,6,6,7,8,9,9,10,12,16,17,22,24,25,29,37,44,52,72,76,76,91,96,102,143,143
09573,Fürth (Landkreis),0,0,0,0,0,0,2,2,2,2,3,3,3,3,3,4,7,14,18,19,22,28,47,65,73,78,88,128,152,168,179,236,236
09180,Garmisch-Partenkirchen (Landkreis),0,0,0,0,1,1,1,2,2,2,3,3,3,14,20,20,38,42,42,43,46,70,79,89,89,113,115,126,133,137,145,179,182
05513,Gelsenkirchen (Kreisfreie Stadt),0,1,3,3,3,3,4,4,5,9,10,12,13,18,35,38,41,41,45,50,55,61,64,82,86,96,101,114,129,143,151,168,186
16052,Gera (Kreisfreie Stadt),0,0,0,0,0,0,0,1,1,1,1,1,1,1,4,5,5,5,5,7,7,7,8,14,18,19,19,22,25,34,35,36,36
07334,Germersheim (Landkreis),1,1,1,1,1,1,1,1,2,4,4,4,8,10,20,24,27,27,27,27,37,42,45,51,56,61,62,68,77,84,89,89,91
06531,Gießen (Landkreis),2,2,3,3,3,3,4,4,7,7,8,13,17,17,29,47,56,58,64,74,82,91,100,112,112,121,128,138,143,143,154,162,170
03151,Gifhorn (Landkreis),0,0,0,0,0,0,0,0,0,5,7,7,16,20,23,26,32,34,34,37,39,43,48,53,62,62,68,78,77,87,92,95,96
08117,Göppingen (Landkreis),2,2,2,3,3,3,4,4,21,32,32,57,61,64,81,101,110,110,185,193,204,237,264,298,331,365,388,401,450,485,503,520,541
14626,Görlitz (Landkreis),0,0,0,0,0,1,2,2,5,6,6,7,7,9,10,15,18,28,28,29,30,33,35,59,62,69,69,75,82,88,96,161,167
03153,Goslar (Landkreis),0,0,0,0,0,0,0,0,0,0,5,5,7,7,14,14,18,18,21,22,24,31,40,46,51,51,60,61,61,60,70,74,82
16067,Gotha (Landkreis),0,0,0,0,0,0,0,0,0,0,1,1,1,1,1,5,7,7,9,14,17,17,17,20,20,21,23,26,28,33,34,35,37
03159,Göttingen (Landkreis),0,0,0,0,0,0,0,0,0,3,4,4,14,19,32,45,51,61,70,75,83,94,115,127,142,158,200,208,234,270,286,312,340
03456,Grafschaft Bentheim (Landkreis),1,1,1,1,1,1,1,1,1,3,5,5,5,11,15,23,23,29,29,29,35,44,52,62,82,84,87,92,101,109,121,130,132
16076,Greiz (Landkreis),0,0,0,0,0,0,0,0,0,0,0,0,3,3,7,15,29,30,36,45,51,58,89,103,111,121,130,132,141,154,166,175,182
06433,Groß-Gerau (Landkreis),1,1,1,1,1,1,1,2,2,3,8,10,10,12,21,25,48,57,85,87,103,120,135,137,151,183,191,191,209,223,235,236,245
09774,Günzburg (Landkreis),0,0,0,0,0,0,0,0,0,0,3,3,3,3,3,11,11,14,25,26,30,37,54,77,77,90,101,104,117,125,130,138,140
05754,Gütersloh (Kreis),0,1,1,1,1,1,5,5,15,27,45,45,80,91,134,157,179,202,219,224,254,277,315,335,356,362,373,387,401,432,446,470,481
05914,Hagen (Kreisfreie Stadt),0,0,0,0,0,1,3,3,3,3,3,6,6,8,21,28,28,31,42,43,49,52,56,56,62,62,81,80,82,92,96,101,114
15002,Halle (Saale) (Kreisfreie Stadt),0,0,0,0,0,1,2,5,9,9,12,12,19,27,38,50,57,68,78,80,85,91,104,113,137,153,169,175,185,195,210,217,214
02000,Hamburg (Kreisfreie Stadt),5,6,11,13,17,22,35,54,88,123,158,196,260,312,414,506,664,768,887,1043,1237,1450,1614,1759,1935,2078,2214,2290,2437,2557,2739,2882,3019
03252,Hameln-Pyrmont (Landkreis),0,0,0,0,0,0,0,1,1,2,3,3,7,9,13,19,23,26,27,28,28,32,38,44,60,70,70,73,79,82,83,89,89
05915,Hamm (Kreisfreie Stadt),0,0,0,0,0,0,0,0,2,2,7,8,8,19,27,52,60,74,85,90,93,109,114,117,142,146,157,170,175,217,220,243,251
03353,Harburg (Landkreis),0,0,0,0,0,3,3,3,5,11,11,11,11,18,39,48,62,74,87,87,95,114,126,134,149,154,156,168,208,228,265,266,275
15085,Harz (Landkreis),0,0,0,0,0,0,0,1,1,2,4,4,6,7,7,11,12,14,14,23,24,29,38,49,52,58,67,68,69,73,79,80,84
09674,Haßberge (Landkreis),0,0,0,0,0,0,0,0,0,4,6,6,8,8,9,9,14,15,17,20,24,30,34,36,42,47,50,62,70,78,80,80,87
12063,Havelland (Landkreis),0,0,1,1,1,2,2,2,3,3,3,3,4,6,8,8,10,10,18,21,21,26,29,38,42,46,48,51,64,72,79,81,92
03358,Heidekreis (Landkreis),0,0,0,0,0,0,0,0,0,1,1,1,1,1,2,4,4,5,6,7,10,10,15,21,21,25,25,28,30,33,36,41,41
08221,Heidelberg (Stadtkreis),2,2,2,5,5,5,5,5,9,13,21,22,34,41,47,57,66,80,104,108,111,118,122,133,143,155,171,186,195,213,226,232,234
08135,Heidenheim (Landkreis),1,1,1,3,3,3,3,3,8,14,19,21,21,31,37,40,50,59,62,62,79,129,163,169,172,178,178,218,227,254,263,280,287
08125,Heilbronn (Landkreis),10,10,14,20,20,26,26,30,32,38,38,47,50,57,113,113,135,140,187,197,212,236,279,331,342,365,390,427,435,484,485,521,521
08121,Heilbronn (Stadtkreis),2,2,3,3,3,3,3,3,3,3,4,4,4,9,13,19,20,20,28,55,60,71,81,104,122,124,147,168,168,220,220,265,274
05370,Heinsberg (Kreis),114,197,214,283,300,323,365,403,483,558,589,663,690,755,811,890,916,916,964,1011,1043,1067,1153,1153,1202,1246,1281,1307,1373,1417,1436,1436,1461
03154,Helmstedt (Landkreis),0,0,0,0,0,0,0,0,0,2,2,2,2,2,5,9,9,16,18,18,24,26,39,45,45,53,60,65,69,76,78,82,82
05758,Herford (Kreis),0,0,2,2,2,2,2,4,5,19,22,26,26,36,52,72,84,95,97,99,104,117,122,133,138,144,148,152,176,194,213,232,232
05916,Herne (Kreisfreie Stadt),0,0,0,0,0,0,2,2,4,4,5,8,8,8,13,13,16,23,23,27,27,41,42,45,51,55,57,58,64,66,68,68,69
06632,Hersfeld-Rotenburg (Landkreis),0,0,0,0,0,0,0,0,6,6,6,12,12,15,17,20,29,30,31,33,33,36,39,44,53,54,58,64,76,99,120,124,127
01053,Herzogtum Lauenburg (Kreis),1,1,1,1,2,2,2,3,3,5,5,12,12,13,19,21,24,24,36,39,51,52,56,71,80,80,80,92,112,115,135,147,155
16069,Hildburghausen (Landkreis),0,0,0,0,0,0,0,0,0,0,0,0,0,0,0,0,0,1,1,1,2,3,6,6,7,7,9,10,10,10,11,11,11
03254,Hildesheim (Landkreis),0,0,0,2,2,2,3,3,3,3,14,31,31,44,66,84,89,97,97,100,114,123,144,152,152,152,153,161,172,180,189,197,197
05958,Hochsauerlandkreis (Kreis),0,0,0,0,0,0,1,1,13,25,25,31,49,80,82,82,85,116,131,149,160,166,173,203,229,241,255,284,312,328,364,379,396
06434,Hochtaunuskreis (Landkreis),1,1,2,2,2,2,3,3,4,5,7,9,18,20,28,40,52,52,67,72,76,88,108,111,129,131,139,146,161,163,172,177,177
09464,Hof (Kreisfreie Stadt),0,0,0,0,0,0,0,0,1,1,1,2,4,4,5,9,9,10,11,11,11,15,19,23,24,26,33,39,43,48,48,51,60
09475,Hof (Landkreis),0,0,0,1,1,1,1,1,1,1,2,5,6,7,7,13,17,40,46,51,66,70,75,85,118,118,120,159,169,182,197,210,210
08126,Hohenlohekreis (Landkreis),0,1,1,1,1,2,2,6,9,25,29,54,54,151,167,178,182,222,222,257,278,278,302,350,404,421,453,453,478,508,537,549,557
03255,Holzminden (Landkreis),0,0,0,0,0,0,0,0,1,1,1,1,9,13,14,19,23,27,27,29,30,36,39,44,47,47,55,62,62,70,73,76,79
05762,Höxter (Kreis),0,0,0,0,0,0,0,0,0,0,2,2,2,4,7,12,16,20,21,21,22,29,34,49,55,63,66,71,72,78,99,122,148
16070,Ilm-Kreis (Landkreis),0,0,0,0,0,0,0,1,1,1,1,1,1,2,3,4,5,7,11,13,20,24,30,43,51,55,58,61,65,72,79,80,93
09161,Ingolstadt (Kreisfreie Stadt),0,0,0,1,1,1,1,1,1,1,1,3,3,3,3,4,4,5,5,12,14,27,29,46,76,79,80,96,108,114,163,188,205
16053,Jena (Kreisfreie Stadt),0,0,0,0,0,0,0,0,0,2,8,9,12,20,30,45,55,55,77,90,93,94,102,110,114,116,117,122,126,135,136,139,142
15086,Jerichower Land (Landkreis),0,0,0,0,0,0,0,0,0,1,1,1,1,1,3,3,6,6,6,7,10,13,16,16,16,16,18,20,20,20,22,22,25
07312,Kaiserslautern (Kreisfreie Stadt),3,3,4,4,4,4,4,4,5,6,9,9,9,9,11,13,13,19,24,30,36,46,48,53,53,54,56,59,63,69,70,71,71
07335,Kaiserslautern (Landkreis),0,0,0,0,0,2,3,3,3,3,5,5,11,13,13,13,20,28,36,41,48,52,54,59,61,61,69,74,78,80,80,82,82
08215,Karlsruhe (Landkreis),0,1,2,4,4,5,9,13,16,16,29,29,43,56,77,99,151,171,186,188,203,227,252,282,308,353,365,373,410,452,484,621,640
08212,Karlsruhe (Stadtkreis),1,1,1,3,3,3,3,3,8,8,14,14,25,31,43,55,57,60,71,80,94,106,111,131,144,152,161,163,178,197,206,228,238
06611,Kassel (Kreisfreie Stadt),0,0,0,0,0,0,0,0,3,9,10,10,10,15,26,34,38,43,43,43,46,53,62,67,75,81,84,84,89,93,98,101,103
06633,Kassel (Landkreis),0,0,0,0,0,1,1,2,3,5,11,12,12,18,27,32,38,39,44,44,46,51,61,74,77,81,82,87,95,100,106,112,114
09762,Kaufbeuren (Kreisfreie Stadt),0,0,0,0,0,0,0,0,0,1,1,2,5,5,5,5,7,7,7,7,8,11,15,16,18,30,31,32,32,41,45,52,56
09273,Kelheim (Landkreis),0,0,0,0,1,2,2,3,3,3,3,6,6,6,14,22,26,36,42,50,56,62,76,89,101,126,127,132,154,193,218,238,258
09763,Kempten (Allgäu) (Kreisfreie Stadt),0,0,0,0,0,0,0,0,0,0,0,4,4,4,4,4,4,4,4,4,24,28,30,34,38,39,40,42,43,44,49,53,53
01002,Kiel (Kreisfreie Stadt),0,0,0,0,0,0,0,6,7,11,12,13,17,18,25,34,36,37,41,51,51,63,66,74,74,100,114,121,124,136,146,157,160
09675,Kitzingen (Landkreis),0,0,0,0,0,0,0,1,1,1,4,5,5,5,9,10,11,11,13,13,14,18,18,23,29,29,29,29,34,40,46,56,60
05154,Kleve (Kreis),0,0,0,0,0,0,0,2,7,10,10,36,42,70,74,83,111,111,121,131,142,162,179,211,211,236,237,247,260,278,288,303,304
07111,Koblenz (Kreisfreie Stadt),0,0,0,1,3,5,5,5,6,8,8,8,21,27,36,42,51,60,67,75,95,109,122,127,138,141,141,148,155,157,164,167,167
05315,Köln (Kreisfreie Stadt),12,15,18,29,29,33,33,43,65,123,180,244,301,384,478,586,679,773,817,857,921,1002,1075,1161,1249,1319,1369,1431,1540,1666,1715,1748,1768
08335,Konstanz (Landkreis),0,0,0,1,1,1,1,2,10,23,28,28,36,45,45,62,69,84,84,91,95,110,118,136,145,145,185,203,234,247,262,267,267
05114,Krefeld (Kreisfreie Stadt),0,0,0,0,0,0,0,0,10,10,21,35,36,43,54,62,73,84,92,92,97,117,138,147,185,210,208,211,225,240,251,264,264
09476,Kronach (Landkreis),0,0,0,0,0,0,0,0,0,0,2,2,3,3,4,4,4,12,13,16,26,27,34,46,46,52,52,54,54,62,65,70,73
09477,Kulmbach (Landkreis),0,0,0,0,0,0,0,0,0,0,1,1,1,1,12,12,12,21,21,33,33,42,52,69,69,74,74,80,93,95,102,102,106
07336,Kusel (Landkreis),0,0,0,0,0,0,0,0,0,1,13,13,14,14,18,18,18,19,21,23,25,30,31,35,35,45,45,46,52,54,60,60,64
16065,Kyffhäuserkreis (Landkreis),0,0,0,0,0,2,2,2,5,6,6,6,8,8,8,8,10,12,12,12,12,15,17,19,19,19,19,19,23,23,25,27,27
06532,Lahn-Dill-Kreis (Landkreis),2,2,2,2,2,4,4,4,5,5,9,10,18,21,21,23,66,87,87,87,87,96,110,138,138,152,176,181,200,219,227,227,227
07313,Landau in der Pfalz (Kreisfreie Stadt),0,0,0,0,0,0,0,0,0,0,0,0,1,2,2,4,4,6,8,8,18,18,19,29,32,35,35,38,43,46,47,48,48
09181,Landsberg am Lech (Landkreis),0,0,0,0,0,2,2,2,3,3,3,4,5,10,14,14,18,24,44,48,51,55,98,109,110,124,136,138,156,163,175,206,217
09261,Landshut (Kreisfreie Stadt),0,0,0,0,0,0,0,0,0,1,1,4,4,4,4,12,24,24,32,38,38,42,71,81,81,91,93,118,131,136,147,153,163
09274,Landshut (Landkreis),0,0,0,0,0,0,1,1,1,2,12,25,25,25,29,36,73,73,118,121,121,174,200,200,206,240,255,276,317,345,362,368,403
03457,Leer (Landkreis),1,1,1,1,1,1,1,1,1,1,1,3,3,7,10,12,12,13,14,14,17,20,25,28,33,34,38,41,44,49,53,54,59
14713,Leipzig (Kreisfreie Stadt),0,0,1,1,2,2,4,4,6,16,19,31,41,71,72,94,119,129,144,161,181,204,218,242,270,316,319,323,332,361,378,403,421
14729,Leipzig (Landkreis),0,0,0,1,1,4,4,4,8,11,11,17,17,17,25,28,33,39,39,45,50,59,68,72,77,91,94,99,110,117,123,130,134
05316,Leverkusen (Kreisfreie Stadt),0,0,0,0,0,0,0,2,3,5,5,5,20,21,31,31,40,45,48,48,58,65,74,82,88,102,102,113,127,131,141,146,149
09478,Lichtenfels (Landkreis),0,0,0,0,0,0,0,0,0,0,1,1,1,3,5,5,7,7,20,21,25,27,46,54,57,74,79,81,88,105,112,115,125
06533,Limburg-Weilburg (Landkreis),0,0,0,0,0,0,0,0,0,0,1,1,4,8,12,36,45,57,58,68,99,111,115,137,147,149,149,160,174,179,191,194,198
09776,Lindau (Bodensee) (Landkreis),2,2,2,4,4,5,5,6,6,8,12,12,19,19,21,23,35,51,51,51,53,67,80,93,100,102,120,128,131,142,167,176,188
05766,Lippe (Kreis),0,1,1,1,1,1,11,19,31,36,47,47,55,87,107,112,133,138,158,170,188,204,230,261,278,289,302,325,347,393,429,455,468
08336,Lörrach (Landkreis),1,1,1,1,1,1,1,1,5,10,13,15,19,27,49,63,81,95,99,117,137,153,163,170,207,215,230,274,317,339,360,389,396
01003,Lübeck (Kreisfreie Stadt),1,1,1,2,2,2,2,7,7,8,9,10,11,11,18,19,43,53,56,57,63,63,63,67,69,69,77,88,97,98,101,103,103
03354,Lüchow-Dannenberg (Landkreis),0,0,0,0,0,0,0,0,0,0,0,0,0,0,0,1,6,6,6,6,6,7,7,9,9,9,8,8,10,11,12,12,13
08118,Ludwigsburg (Landkreis),3,3,5,7,7,8,11,12,18,24,39,39,39,87,112,126,175,190,236,282,351,418,507,594,642,682,723,746,835,904,977,1056,1072
07314,Ludwigshafen am Rhein (Kreisfreie Stadt),0,0,0,0,0,0,0,0,1,1,1,1,3,9,10,12,13,17,17,20,25,35,48,52,54,54,82,86,91,97,117,117,126
13076,Ludwigslust-Parchim (Landkreis),0,0,0,0,0,0,0,0,0,0,1,1,2,2,3,13,18,18,19,24,27,27,28,31,37,37,39,44,45,45,47,54,54
03355,Lüneburg (Landkreis),0,0,0,0,0,0,0,0,1,1,3,3,6,26,42,45,53,54,61,61,65,69,71,75,82,82,82,97,100,108,113,119,120
15003,Magdeburg (Kreisfreie Stadt),0,0,0,0,0,0,1,3,6,7,11,11,16,20,27,29,39,39,39,50,56,57,65,71,71,71,79,84,87,87,88,89,88
06435,Main-Kinzig-Kreis (Landkreis),1,1,1,1,1,1,1,1,11,12,21,25,28,33,40,55,64,70,73,76,81,100,106,120,148,151,162,183,203,227,240,255,257
09677,Main-Spessart (Landkreis),0,0,0,0,0,1,1,1,1,1,5,5,5,8,8,9,11,12,14,15,21,32,38,41,51,56,67,67,75,76,82,91,104
08128,Main-Tauber-Kreis (Landkreis),1,1,2,23,23,24,24,25,31,32,33,33,33,34,36,39,43,57,58,60,63,70,78,97,119,119,120,141,175,182,198,233,237
06436,Main-Taunus-Kreis (Landkreis),0,0,0,0,0,0,2,3,3,8,12,14,14,16,18,28,40,54,55,67,84,92,101,114,114,115,136,145,153,159,165,165,165
07315,Mainz (Kreisfreie Stadt),1,1,1,1,2,2,2,3,4,11,11,16,19,28,35,45,55,62,81,82,90,99,115,125,144,180,182,187,196,212,222,238,249
07339,Mainz-Bingen (Landkreis),0,1,1,1,1,1,2,3,3,10,18,18,18,20,24,30,37,47,54,57,65,76,84,91,103,113,115,117,150,175,191,206,211
08222,Mannheim (Stadtkreis),4,4,5,7,7,9,9,13,14,28,37,44,64,72,79,88,102,116,128,147,157,168,179,196,196,218,226,236,251,267,288,294,319
15087,Mansfeld-Südharz (Landkreis),0,0,0,0,0,0,0,1,1,1,1,1,1,2,3,4,5,8,10,14,14,16,16,16,16,16,19,20,25,26,29,29,30
06534,Marburg-Biedenkopf (Landkreis),0,0,0,0,0,0,3,3,7,7,10,23,28,34,35,43,44,56,56,65,75,78,94,110,110,117,119,128,131,133,141,141,141
05962,Märkischer Kreis (Kreis),1,3,5,5,5,6,6,7,10,13,13,18,18,27,29,31,33,38,38,44,47,51,70,81,89,100,118,127,146,165,174,175,175
12064,Märkisch-Oderland (Landkreis),0,0,0,0,0,0,2,2,3,5,5,13,13,13,26,29,40,41,41,47,47,62,69,70,71,76,80,86,94,94,102,108,112
07137,Mayen-Koblenz (Landkreis),0,2,2,2,2,2,4,4,4,7,11,13,46,62,90,102,108,120,126,151,159,165,176,178,190,196,201,212,224,234,245,249,250
13071,Mecklenburgische Seenplatte (Landkreis),1,1,1,2,4,4,5,6,6,7,7,7,9,13,19,20,23,26,28,30,36,40,41,46,56,58,60,71,79,83,90,93,94
14627,Meißen (Landkreis),0,0,0,0,0,0,0,3,3,5,9,9,9,11,12,17,18,21,25,26,34,38,42,52,60,68,69,77,87,96,106,115,121
09764,Memmingen (Kreisfreie Stadt),0,0,0,0,0,0,0,0,0,0,1,1,1,3,5,8,9,14,15,15,17,21,23,26,26,26,27,29,29,31,36,36,40
10042,Merzig-Wadern (Landkreis),0,0,0,0,0,1,1,3,4,4,4,6,8,10,11,14,15,19,20,24,25,30,37,37,45,52,55,64,66,74,84,84,121
05158,Mettmann (Kreis),1,1,2,2,2,2,8,11,16,19,31,31,44,62,87,101,154,179,197,202,232,248,271,284,305,320,322,413,451,484,519,542,585
09182,Miesbach (Landkreis),2,2,3,4,4,5,5,6,6,13,13,15,15,32,44,57,58,61,108,156,171,185,217,240,268,288,301,316,338,354,364,397,397
09676,Miltenberg (Landkreis),0,0,0,0,0,0,0,0,0,0,4,4,4,5,15,25,25,41,47,47,50,60,72,79,92,92,103,107,124,150,157,174,178
05770,Minden-Lübbecke (Kreis),0,0,1,1,1,1,5,9,14,18,47,55,73,87,98,118,140,153,153,166,184,207,223,241,246,256,268,294,340,364,385,397,397
14522,Mittelsachsen (Landkreis),0,0,0,0,0,0,0,0,0,0,3,3,3,6,13,17,24,24,24,35,44,51,61,68,83,85,96,102,109,127,141,159,161
05116,Mönchengladbach (Kreisfreie Stadt),3,3,5,7,7,7,8,8,17,28,35,36,37,44,46,51,72,100,104,109,119,124,135,151,168,174,178,182,217,235,250,265,294
09183,Mühldorf a. Inn (Landkreis),0,0,0,0,0,0,0,0,0,0,0,0,0,1,10,10,16,20,38,41,56,67,77,93,125,136,157,161,180,217,246,271,281
05117,Mülheim an der Ruhr (Kreisfreie Stadt),0,0,0,0,0,0,0,0,5,9,9,9,12,16,21,30,36,36,42,42,43,45,52,55,62,68,74,78,86,97,100,101,105
09162,München (Kreisfreie Stadt),15,16,26,26,57,61,62,65,98,149,201,242,260,359,509,676,878,1042,1042,1316,1381,1576,1687,1845,2080,2256,2501,2699,2926,3099,3304,3449,3642
09184,München (Landkreis),0,3,3,7,7,14,14,15,25,32,32,38,75,75,103,134,200,219,246,279,327,373,429,462,539,561,574,626,675,735,783,849,893
05515,Münster (Kreisfreie Stadt),2,4,4,4,4,5,6,8,20,29,43,57,90,103,135,173,219,243,266,279,305,352,371,414,443,443,468,487,503,522,537,552,559
08225,Neckar-Odenwald-Kreis (Landkreis),0,0,1,1,1,1,2,2,3,7,7,10,10,13,19,24,30,35,39,39,45,50,63,72,80,88,91,101,111,120,134,146,148
09185,Neuburg-Schrobenhausen (Landkreis),0,0,0,0,0,0,0,0,0,0,0,3,3,3,9,9,22,28,28,32,40,44,56,59,62,69,77,89,100,107,116,121,121
09373,Neumarkt i.d. OPf. (Landkreis),0,0,0,0,0,0,2,2,2,2,5,5,5,11,17,18,18,18,18,18,35,43,43,43,69,80,87,110,118,123,131,138,146
01004,Neumünster (Kreisfreie Stadt),0,0,0,0,0,0,0,0,0,0,0,0,1,1,3,3,7,7,7,10,11,12,13,15,15,15,19,24,25,29,30,30,31
10043,Neunkirchen (Landkreis),0,0,0,0,0,1,1,2,3,4,4,9,13,13,22,26,34,34,34,47,47,49,64,78,81,98,106,114,126,135,144,151,154
09575,Neustadt a.d. Aisch-Bad Windsheim (Landkreis),0,3,3,3,3,3,4,4,4,4,4,4,4,4,6,6,7,10,10,20,22,25,40,42,43,50,62,62,69,84,84,84,94
09374,Neustadt a.d. Waldnaab (Landkreis),0,0,0,0,0,0,0,1,1,1,1,1,1,1,2,2,3,16,27,30,33,62,72,99,148,152,184,212,242,290,343,373,406
07316,Neustadt an der Weinstraße (Kreisfreie Stadt),0,0,0,0,0,1,1,1,1,1,4,4,5,5,7,8,8,10,10,11,40,40,42,45,45,50,54,57,59,64,65,67,71
09775,Neu-Ulm (Landkreis),2,2,2,2,2,2,2,2,3,8,8,9,10,10,17,19,34,47,58,58,72,80,94,100,121,126,132,145,170,191,207,219,235
07138,Neuwied (Landkreis),0,0,0,0,1,1,1,2,2,8,10,10,14,36,36,52,61,61,73,87,91,107,112,123,123,123,145,145,145,153,155,156,161
03256,Nienburg (Weser) (Landkreis),0,0,0,0,0,0,0,0,2,2,2,2,5,6,6,8,15,15,17,19,21,22,22,24,26,27,29,36,38,39,42,42,52
01054,Nordfriesland (Kreis),0,0,0,0,0,0,0,0,0,1,1,2,2,2,10,10,16,18,19,19,20,22,24,27,36,39,39,40,42,45,48,48,49
16062,Nordhausen (Landkreis),0,0,0,0,0,0,0,0,0,2,2,2,2,2,2,2,3,3,4,6,6,7,9,10,10,11,15,17,17,17,21,21,21
14730,Nordsachsen (Landkreis),0,0,0,0,0,0,0,0,0,2,2,3,3,6,6,10,15,15,17,17,20,21,26,29,31,37,37,41,55,61,73,74,79
13074,Nordwestmecklenburg (Landkreis),0,0,0,0,0,0,0,0,0,0,0,0,3,3,4,15,17,17,17,18,21,24,24,25,28,28,28,36,38,44,51,51,51
03155,Northeim (Landkreis),0,0,0,0,0,0,0,0,3,4,5,5,7,7,7,13,17,17,17,22,27,29,32,33,33,33,40,41,42,49,53,53,53
09564,Nürnberg (Kreisfreie Stadt),3,4,8,9,9,12,13,14,15,19,27,27,28,30,53,61,74,74,93,116,134,180,202,213,230,237,250,268,326,361,412,451,483
09574,Nürnberger Land (Landkreis),0,0,0,1,1,1,1,1,1,1,3,3,6,7,23,36,40,40,71,79,93,124,138,154,154,201,215,234,282,320,357,357,375
09780,Oberallgäu (Landkreis),0,1,1,1,4,7,8,9,14,14,14,24,28,34,36,45,45,50,50,51,51,63,70,77,87,91,96,99,105,108,117,127,130
05374,Oberbergischer Kreis (Kreis),2,2,5,5,5,6,6,10,14,14,26,26,33,50,51,69,78,100,100,101,124,141,163,180,203,222,235,267,280,303,306,314,314
05119,Oberhausen (Kreisfreie Stadt),0,0,0,0,0,0,0,1,3,8,10,10,12,13,18,26,35,35,36,37,38,44,48,61,63,66,68,69,78,83,91,108,108
12065,Oberhavel (Landkreis),1,1,1,1,1,1,1,1,1,1,1,4,4,5,13,23,29,37,37,37,50,54,65,76,85,95,101,106,115,119,126,133,137
12066,Oberspreewald-Lausitz (Landkreis),0,0,0,0,0,1,1,2,2,2,2,2,5,5,5,5,6,6,11,11,11,13,13,14,16,18,18,19,22,25,28,28,28
06437,Odenwaldkreis (Landkreis),0,0,0,0,0,0,0,0,0,0,2,2,2,7,8,13,16,17,23,24,24,31,46,47,58,60,60,70,93,97,106,131,131
12067,Oder-Spree (Landkreis),0,0,0,0,0,0,0,1,2,4,7,7,11,14,23,32,37,42,46,46,49,51,60,69,73,75,75,79,80,80,81,83,83
06438,Offenbach (Landkreis),0,0,0,0,0,1,1,1,7,8,8,19,19,23,35,50,65,73,76,86,95,112,122,131,160,176,176,179,194,207,219,232,241
06413,Offenbach am Main (Kreisfreie Stadt),0,0,0,0,0,0,1,1,1,1,1,1,5,5,5,5,6,6,9,11,13,15,18,19,22,24,26,26,29,32,33,34,35
03458,Oldenburg (Landkreis),0,1,1,1,1,1,1,1,4,4,4,4,4,8,9,12,15,16,16,16,25,33,45,56,60,96,108,113,119,146,159,159,169
03403,Oldenburg (Oldb) (Kreisfreie Stadt),1,1,1,2,2,2,6,6,6,11,11,11,18,25,26,30,31,31,31,49,61,74,76,91,91,91,107,111,116,130,143,143,143
05966,Olpe (Kreis),0,0,0,0,0,0,0,0,6,6,6,6,12,14,14,14,17,18,18,19,35,45,85,93,93,102,127,147,166,193,199,216,228
08317,Ortenaukreis (Landkreis),0,0,2,6,7,12,12,17,17,24,24,25,43,49,60,76,82,92,110,122,135,164,180,214,272,304,327,366,401,483,550,597,624
03404,Osnabrück (Kreisfreie Stadt),0,0,0,0,0,1,1,1,7,7,19,19,38,54,62,83,101,108,119,135,145,174,197,199,215,224,249,259,267,276,285,300,312
03459,Osnabrück (Landkreis),0,1,1,1,1,2,2,2,15,15,39,39,47,50,61,74,91,107,119,134,146,175,213,236,256,279,288,319,331,361,418,448,472
08136,Ostalbkreis (Landkreis),3,3,3,3,3,4,4,5,12,20,27,45,52,96,109,123,138,138,180,201,249,294,348,390,422,468,494,514,560,601,629,644,662
09777,Ostallgäu (Landkreis),3,3,4,4,4,4,5,5,6,8,10,10,11,14,16,16,24,26,38,40,69,78,94,100,116,133,149,156,171,203,258,280,296
03356,Osterholz (Landkreis),0,0,0,0,0,0,2,2,8,12,12,12,16,20,20,22,24,24,24,27,29,32,36,42,42,42,49,50,55,56,57,57,57
01055,Ostholstein (Kreis),0,0,0,0,0,0,1,1,1,1,2,2,4,4,4,7,11,12,13,13,17,18,22,23,23,23,23,32,39,43,47,51,51
12068,Ostprignitz-Ruppin (Landkreis),0,0,0,0,0,0,0,0,0,0,0,0,0,0,1,6,6,7,7,7,7,9,9,11,12,12,13,15,18,19,21,26,31
05774,Paderborn (Kreis),0,0,1,2,2,2,2,6,16,32,36,36,41,52,59,71,75,78,88,92,104,120,148,172,191,191,218,252,291,334,351,368,386
09262,Passau (Kreisfreie Stadt),1,1,2,2,2,2,2,2,2,2,2,3,3,3,4,5,6,7,7,16,16,22,24,27,37,39,45,52,55,57,78,78,90
09275,Passau (Landkreis),1,1,1,1,1,3,3,3,5,5,7,15,15,15,19,22,23,30,30,39,47,47,73,93,112,112,117,120,136,173,212,239,262
03157,Peine (Landkreis),0,0,0,0,0,0,0,0,0,0,2,2,2,8,8,11,15,20,21,21,25,31,40,40,54,62,77,90,94,99,105,108,110
09186,Pfaffenhofen a.d. Ilm (Landkreis),0,0,0,0,1,1,2,3,7,7,7,7,10,11,16,19,22,30,32,32,32,40,54,56,74,100,107,115,131,151,168,183,200
08231,Pforzheim (Stadtkreis),0,0,0,0,0,0,0,3,4,4,4,6,6,7,7,11,19,19,21,22,23,23,25,25,29,37,40,47,57,65,66,69,74
01056,Pinneberg (Kreis),1,1,2,2,2,2,4,4,5,5,18,24,24,27,54,60,76,76,88,92,115,122,155,178,178,188,205,233,250,271,304,304,339
07317,Pirmasens (Kreisfreie Stadt),0,0,0,0,0,0,0,0,0,0,0,0,0,0,0,1,1,5,7,7,7,11,12,12,12,15,15,15,17,19,19,23,23
01057,Plön (Kreis),0,0,0,0,0,2,2,2,2,2,2,6,6,6,8,10,11,12,12,21,23,31,38,45,50,54,54,56,58,64,68,72,73
12054,Potsdam (Kreisfreie Stadt),0,0,0,0,0,0,0,0,0,0,1,1,7,13,17,30,37,48,49,52,56,63,79,87,108,109,139,146,160,203,229,245,264
12069,Potsdam-Mittelmark (Landkreis),0,0,0,0,0,0,0,2,3,4,4,7,7,8,14,20,28,32,35,38,40,54,65,88,93,98,98,120,137,145,175,188,199
12070,Prignitz (Landkreis),0,0,0,0,0,0,0,0,0,0,0,0,0,0,1,1,1,1,1,1,6,6,6,9,9,9,9,9,9,9,9,9,13
08216,Rastatt (Landkreis),0,0,0,2,3,3,4,4,13,16,16,26,36,39,58,69,83,96,110,149,158,182,196,230,249,269,279,288,307,331,345,360,371
08436,Ravensburg (Landkreis),0,1,2,2,3,3,6,8,11,18,18,50,50,70,93,102,110,110,134,137,202,274,296,320,334,336,336,365,384,390,406,406,417
05562,Recklinghausen (Kreis),0,1,1,1,1,1,2,9,19,37,46,51,51,63,70,96,125,143,149,162,195,222,264,304,312,328,357,385,417,463,490,500,540
09276,Regen (Landkreis),0,0,0,0,0,0,0,0,0,3,6,6,18,18,20,20,23,24,25,25,25,34,39,40,40,40,43,44,54,60,70,79,89
09362,Regensburg (Kreisfreie Stadt),0,0,0,0,0,0,0,0,0,2,7,7,7,17,38,62,74,74,82,90,98,105,124,133,146,152,158,166,183,207,222,239,263
09375,Regensburg (Landkreis),0,0,0,1,1,4,4,7,7,7,12,14,14,19,27,56,67,67,76,85,87,94,107,121,132,147,156,162,174,195,217,238,259
03241,Region Hannover (Landkreis),2,3,3,3,4,7,11,17,25,59,60,60,121,138,173,238,304,310,341,368,428,510,588,661,692,738,811,867,911,976,1039,1072,1110
10041,Regionalverband Saarbrücken (Landkreis),1,1,1,1,1,1,1,5,8,10,10,20,27,27,63,86,102,114,121,147,163,169,190,211,250,268,268,359,421,511,534,582,648
05120,Remscheid (Kreisfreie Stadt),0,0,0,4,4,4,4,4,5,7,7,8,8,14,15,19,21,21,23,33,34,38,41,45,54,56,59,61,69,80,89,92,92
08119,Rems-Murr-Kreis (Landkreis),2,2,4,4,5,5,6,6,22,26,26,42,49,54,68,110,117,133,175,202,211,240,286,353,374,445,506,519,555,595,688,744,771
01058,Rendsburg-Eckernförde (Kreis),0,0,0,0,0,0,0,1,1,1,8,8,12,13,16,21,24,30,33,37,46,56,73,89,100,112,112,125,128,137,147,158,166
08415,Reutlingen (Landkreis),0,0,0,0,0,0,1,5,11,13,19,30,34,43,49,71,96,96,96,127,152,172,206,235,249,249,374,433,472,557,591,666,681
05362,Rhein-Erft-Kreis (Kreis),1,2,2,2,2,2,3,6,12,13,22,52,63,89,104,113,149,160,182,199,240,253,267,276,305,326,351,363,400,442,482,532,555
06439,Rheingau-Taunus-Kreis (Landkreis),0,0,0,0,0,2,2,2,5,16,23,24,24,25,27,31,31,31,31,51,59,59,89,89,89,107,107,113,117,135,141,147,147
07140,Rhein-Hunsrück-Kreis (Landkreis),0,0,0,0,0,0,0,1,4,6,7,14,26,28,33,39,46,46,47,55,64,68,72,79,89,100,102,106,109,114,116,118,124
05378,Rheinisch-Bergischer Kreis (Kreis),3,3,3,3,3,8,11,12,18,30,30,30,52,60,69,81,95,95,95,135,141,152,163,171,187,200,212,219,226,236,250,258,281
05162,Rhein-Kreis Neuss (Kreis),1,1,2,2,2,2,2,5,8,19,19,19,44,50,50,60,86,112,133,179,220,220,245,257,282,319,361,362,396,425,448,455,475
07141,Rhein-Lahn-Kreis (Landkreis),0,0,0,0,0,0,0,0,4,5,6,6,7,15,26,27,33,34,37,48,50,54,64,70,80,81,82,90,90,100,107,111,115
08226,Rhein-Neckar-Kreis (Landkreis),2,3,4,7,10,13,14,19,28,33,52,70,77,109,127,154,182,240,276,276,330,371,413,460,489,521,564,591,625,654,703,703,713
07338,Rhein-Pfalz-Kreis (Landkreis),0,0,0,0,0,0,0,1,1,1,1,1,1,3,5,7,10,10,10,27,39,44,57,67,67,67,105,113,121,139,142,142,142
05382,Rhein-Sieg-Kreis (Kreis),0,0,2,2,2,7,12,19,24,32,32,77,77,111,158,228,260,260,262,336,356,417,460,490,490,543,552,581,619,675,714,714,789
09673,Rhön-Grabfeld (Landkreis),0,0,0,0,0,0,0,0,0,0,1,1,1,3,3,11,11,11,13,18,21,23,29,37,38,38,41,41,46,52,65,76,76
09163,Rosenheim (Kreisfreie Stadt),1,1,1,1,2,2,2,2,2,2,2,2,2,4,10,15,18,33,43,48,49,53,88,101,111,128,140,146,172,208,223,228,245
09187,Rosenheim (Landkreis),0,0,0,0,0,3,3,7,13,16,17,27,31,45,68,75,84,144,225,231,258,384,500,623,623,745,747,777,861,963,1078,1105,1172
13003,Rostock (Kreisfreie Stadt),0,0,0,0,0,0,2,2,4,6,8,10,11,16,23,23,23,25,27,29,29,34,38,48,53,56,58,59,60,61,62,64,64
13072,Rostock (Landkreis),0,0,0,0,0,2,3,3,6,8,10,11,11,13,13,13,17,17,17,18,20,24,24,25,26,26,29,31,32,37,42,44,46
03357,Rotenburg (Wümme) (Landkreis),2,2,2,2,2,2,3,5,5,5,7,7,18,18,19,22,25,30,34,34,36,38,42,49,50,54,55,55,58,63,66,67,72
09576,Roth (Landkreis),1,2,2,2,2,2,2,2,3,3,3,4,5,5,7,8,12,12,14,21,25,27,47,60,69,82,82,90,110,149,166,166,183
09277,Rottal-Inn (Landkreis),0,0,0,0,0,0,1,2,7,7,10,14,17,30,36,46,55,59,75,87,110,144,160,180,192,243,286,313,355,374,410,432,494
08325,Rottweil (Landkreis),1,1,1,1,1,1,1,1,1,2,3,4,4,5,5,5,8,8,8,17,17,50,86,98,108,128,138,152,161,189,233,257,289
16074,Saale-Holzland-Kreis (Landkreis),0,0,0,0,0,0,1,1,3,3,3,3,3,4,5,10,14,14,17,17,18,19,20,21,22,27,28,29,30,35,36,36,45
15088,Saalekreis (Landkreis),0,0,0,0,0,0,1,1,1,1,1,1,3,3,6,12,15,19,22,23,32,41,46,50,56,56,58,63,71,77,80,82,83
16075,Saale-Orla-Kreis (Landkreis),1,1,1,1,1,3,3,3,3,3,3,3,3,3,4,5,6,7,7,9,9,9,10,27,27,27,32,34,37,47,60,61,65
16073,Saalfeld-Rudolstadt (Landkreis),0,0,0,0,0,0,0,0,0,5,5,5,5,5,5,8,12,12,17,17,17,20,25,33,33,33,33,39,45,47,48,48,48
10044,Saarlouis (Landkreis),0,0,0,0,0,0,1,1,2,5,5,10,17,24,26,37,39,46,46,57,58,62,78,96,97,124,132,159,172,215,230,252,278
10045,Saarpfalz-Kreis (Landkreis),0,0,1,3,3,3,3,3,3,4,4,14,17,17,28,35,40,43,56,76,87,94,102,115,115,115,156,169,189,213,222,222,222
14628,Sächsische Schweiz-Osterzgebirge (Landkreis),1,1,1,1,1,1,2,2,6,8,11,11,11,14,20,27,35,41,64,73,82,83,105,112,142,151,175,179,199,213,222,226,255
03102,Salzgitter (Kreisfreie Stadt),0,0,0,0,0,0,0,0,1,1,2,2,2,3,5,10,18,23,25,26,30,34,41,44,45,45,53,55,58,61,64,67,70
15089,Salzlandkreis (Landkreis),0,0,0,0,0,0,1,3,6,7,7,7,8,8,8,11,18,18,18,21,27,33,37,37,37,37,39,40,44,45,48,49,54
03257,Schaumburg (Landkreis),0,0,0,0,0,0,0,0,1,2,2,2,4,5,12,19,23,27,29,32,32,38,44,48,53,53,53,54,59,62,71,78,81
01059,Schleswig-Flensburg (Kreis),0,0,0,0,0,0,0,1,2,5,5,11,16,17,21,22,23,24,27,27,34,34,38,48,62,67,69,75,87,88,91,93,95
16066,Schmalkalden-Meiningen (Landkreis),0,0,0,0,0,0,0,0,1,2,2,2,2,3,5,5,9,13,15,15,15,19,21,25,27,28,30,30,33,33,36,36,38
09565,Schwabach (Kreisfreie Stadt),1,1,1,1,1,1,1,1,1,1,1,1,2,5,6,6,8,8,8,8,9,12,16,17,18,24,25,26,35,37,37,40,47
08127,Schwäbisch Hall (Landkreis),0,0,0,0,0,1,1,1,15,22,22,22,35,48,62,62,98,98,111,145,201,201,311,347,347,406,437,476,532,582,627,627,686
06634,Schwalm-Eder-Kreis (Landkreis),0,0,0,0,0,0,0,0,1,6,17,25,26,34,54,62,66,71,71,77,82,89,109,131,149,162,162,162,183,212,241,264,275
09376,Schwandorf (Landkreis),0,0,0,0,1,1,1,2,5,7,7,7,12,15,17,23,24,32,39,43,57,68,74,76,92,114,123,134,176,191,219,251,255
08326,Schwarzwald-Baar-Kreis (Landkreis),0,0,0,1,1,1,1,2,4,7,7,16,16,27,29,40,43,67,76,80,103,123,133,153,170,175,187,201,209,254,284,301,306
09662,Schweinfurt (Kreisfreie Stadt),0,0,0,0,0,0,0,0,0,1,1,3,4,8,9,9,12,13,13,13,13,13,13,19,19,27,40,50,55,65,69,78,84
09678,Schweinfurt (Landkreis),0,0,0,0,0,0,0,0,0,4,4,6,10,16,18,18,27,35,37,45,50,60,79,79,92,137,147,137,144,165,189,215,230
13004,Schwerin (Kreisfreie Stadt),0,0,0,0,0,0,0,1,1,4,7,7,9,10,19,29,33,38,38,38,46,47,53,56,60,62,62,69,71,74,75,77,77
01060,Segeberg (Kreis),1,2,2,2,2,2,2,2,4,4,4,6,7,14,18,19,27,29,30,34,43,48,55,63,72,73,80,93,108,119,133,141,143
05970,Siegen-Wittgenstein (Kreis),0,0,0,0,0,0,1,1,10,14,14,14,21,26,29,29,39,39,47,50,58,68,80,97,97,104,111,119,140,152,167,167,182
08437,Sigmaringen (Landkreis),1,1,1,1,1,1,3,3,4,6,9,12,28,37,48,58,74,89,90,104,128,163,207,262,302,310,318,346,396,458,480,498,517
05974,Soest (Kreis),0,0,0,0,0,0,0,1,7,10,17,17,25,35,49,55,62,73,89,93,110,121,141,156,170,181,197,207,214,225,224,230,235
05122,Solingen (Kreisfreie Stadt),0,0,0,0,0,0,4,4,5,6,6,19,24,32,33,35,38,38,38,51,60,71,71,71,81,87,91,94,111,117,132,137,141
16068,Sömmerda (Landkreis),0,0,0,0,0,0,0,0,0,0,0,0,0,0,0,1,2,3,4,6,8,10,14,20,22,22,22,23,24,27,29,29,29
16072,Sonneberg (Landkreis),0,0,0,0,0,0,0,0,0,0,0,0,0,0,0,0,3,5,5,6,9,11,13,16,20,21,23,30,32,34,35,36,36
07318,Speyer (Kreisfreie Stadt),0,0,0,0,0,0,0,0,0,1,2,2,2,4,5,8,9,9,9,13,17,17,20,22,22,22,30,32,32,38,38,38,38
12071,Spree-Neiße (Landkreis),0,0,0,0,0,1,2,4,4,5,10,10,10,13,20,23,23,23,23,29,29,31,35,40,40,40,43,44,46,46,49,51,51
10046,St. Wendel (Landkreis),0,0,0,0,0,0,0,0,8,8,12,15,17,17,22,32,38,45,50,51,57,62,69,73,81,81,86,96,99,104,104,119,121
03359,Stade (Landkreis),0,1,1,2,6,11,11,13,14,17,21,21,24,28,33,37,43,58,58,66,73,80,92,103,105,109,115,117,123,127,135,141,152
05334,Städteregion Aachen (Kreis),24,33,41,51,51,58,61,63,70,85,100,155,169,211,273,334,405,443,516,530,540,618,694,746,787,824,863,920,980,1081,1155,1213,1259
09188,Starnberg (Landkreis),11,12,12,13,14,14,18,20,28,35,35,42,47,50,50,62,69,83,97,110,153,210,223,233,262,270,297,302,354,371,385,403,408
01061,Steinburg (Kreis),0,0,0,0,0,0,0,0,0,2,2,4,4,4,4,8,8,13,13,13,20,21,23,28,36,36,36,40,43,51,53,53,53
05566,Steinfurt (Kreis),0,0,0,0,0,2,5,11,26,37,49,64,82,95,124,151,167,191,201,222,244,269,292,338,362,392,395,430,469,528,573,631,664
15090,Stendal (Landkreis),0,0,0,0,0,0,0,0,0,0,0,1,1,5,5,7,10,10,10,17,17,21,24,33,39,51,52,55,59,62,63,63,64
01062,Stormarn (Kreis),1,1,1,1,1,1,1,1,1,1,1,1,8,8,17,21,29,43,52,60,68,79,88,95,113,120,132,147,155,161,175,185,195
09263,Straubing (Kreisfreie Stadt),0,0,0,0,0,0,0,0,0,2,3,5,6,8,14,14,29,29,30,40,44,49,58,66,77,79,88,106,126,139,156,178,179
09278,Straubing-Bogen (Landkreis),0,0,0,0,0,0,1,1,2,2,2,3,4,4,13,14,29,38,43,43,46,57,58,67,81,83,92,120,138,154,180,198,200
08111,Stuttgart (Stadtkreis),2,3,4,8,9,10,19,27,35,55,80,150,284,284,284,324,341,341,430,441,451,504,565,635,685,708,788,864,908,940,983,1006,1024
07337,Südliche Weinstraße (Landkreis),0,0,0,0,0,0,0,1,1,1,1,1,9,19,21,28,28,33,34,34,39,39,47,60,66,74,79,85,95,105,111,115,115
07340,Südwestpfalz (Landkreis),0,0,0,0,0,0,0,0,0,0,0,0,1,3,3,6,11,12,16,17,20,24,30,33,38,41,46,49,55,60,68,76,75
16054,Suhl (Kreisfreie Stadt),0,0,0,0,0,0,0,0,0,0,1,1,1,1,1,1,1,4,4,4,4,5,5,5,5,6,6,7,7,7,7,9,10
12072,Teltow-Fläming (Landkreis),0,0,0,0,0,1,1,1,1,2,2,6,6,10,11,12,13,20,23,23,23,27,38,40,42,43,43,50,56,59,67,67,70
09377,Tirschenreuth (Landkreis),0,0,0,0,0,0,0,1,3,5,10,17,30,40,47,47,77,77,182,182,202,236,259,323,397,398,454,504,579,665,702,762,762
09189,Traunstein (Landkreis),3,3,3,3,3,4,4,4,8,8,8,10,13,13,19,20,34,50,63,80,86,120,145,158,199,222,251,271,315,347,385,455,466
07211,Trier (Kreisfreie Stadt),0,0,0,0,0,0,0,0,0,3,3,6,7,10,10,12,13,14,16,20,26,26,29,34,47,47,57,59,63,69,69,71,73
07235,Trier-Saarburg (Landkreis),0,0,0,0,0,0,0,0,0,0,0,8,8,12,15,19,20,28,31,33,39,40,45,49,57,57,76,82,88,92,93,102,105
08416,Tübingen (Landkreis),2,2,2,2,2,3,5,5,16,35,43,70,80,101,113,126,144,144,144,191,300,479,524,591,650,671,702,760,807,807,902,939,980
08327,Tuttlingen (Landkreis),0,0,0,0,0,0,0,0,0,3,4,5,5,7,7,10,13,13,15,15,32,40,74,85,111,137,163,181,193,212,253,286,299
12073,Uckermark (Landkreis),0,0,0,0,0,0,0,0,0,0,0,0,0,0,1,4,4,4,4,4,5,5,5,8,9,13,10,18,18,21,22,22,22
03360,Uelzen (Landkreis),0,0,0,0,0,0,0,1,1,1,1,1,1,1,3,3,5,7,7,11,12,15,16,19,23,24,25,25,26,26,27,28,29
08421,Ulm (Stadtkreis),4,4,4,4,4,5,6,6,6,9,9,12,13,19,33,46,50,50,60,62,78,94,100,105,105,116,123,137,146,163,169,183,183
05978,Unna (Kreis),1,1,1,1,1,1,4,6,14,15,17,19,20,25,51,61,83,93,98,108,124,146,162,171,185,189,200,235,255,282,306,331,365
16064,Unstrut-Hainich-Kreis (Landkreis),0,0,0,0,0,0,0,0,0,0,0,0,1,2,2,5,5,5,5,6,7,8,10,10,10,11,15,18,21,25,31,35,35
09778,Unterallgäu (Landkreis),0,0,0,0,0,0,0,0,5,5,10,15,18,18,19,19,31,42,48,56,59,60,87,99,113,123,131,137,139,154,174,180,184
03460,Vechta (Landkreis),0,0,0,0,0,0,0,0,2,2,3,3,6,6,17,22,33,47,54,59,63,92,94,115,128,133,156,179,194,200,211,224,230
03361,Verden (Landkreis),0,0,0,0,0,0,2,3,5,8,8,8,12,14,20,23,24,26,27,33,37,37,43,48,50,57,58,73,80,82,96,96,96
05166,Viersen (Kreis),2,3,4,5,5,5,6,6,6,17,27,37,40,46,58,70,123,153,158,168,174,199,227,248,249,262,275,284,334,350,353,393,403
06535,Vogelsbergkreis (Landkreis),0,0,0,0,0,1,1,2,2,2,3,4,4,4,9,15,17,17,26,30,31,38,41,45,51,53,53,58,61,69,73,76,78
14523,Vogtlandkreis (Landkreis),0,0,0,0,0,0,0,0,0,0,0,1,2,2,5,7,10,16,16,30,36,47,62,80,93,93,106,111,117,125,131,134,151
13075,Vorpommern-Greifswald (Landkreis),2,2,2,2,2,2,2,2,2,4,4,5,5,9,13,20,24,26,26,30,31,32,37,46,55,56,56,66,69,69,76,81,81
13073,Vorpommern-Rügen (Landkreis),1,2,2,2,2,2,2,3,4,4,4,5,6,6,9,10,12,15,15,15,17,18,23,33,33,38,38,41,51,55,58,59,61
07233,Vulkaneifel (Landkreis),0,0,0,0,0,0,0,2,3,3,3,3,10,11,17,20,28,28,29,30,31,32,35,39,39,48,51,52,59,64,82,82,83
06635,Waldeck-Frankenberg (Landkreis),0,0,0,0,0,1,1,3,4,4,5,8,8,8,18,21,25,28,28,28,34,36,42,47,55,55,61,61,66,79,80,86,90
08337,Waldshut (Landkreis),0,0,0,0,0,0,0,0,2,4,5,6,6,8,17,20,28,32,36,53,60,61,70,73,89,91,109,114,132,138,161,184,190
05570,Warendorf (Kreis),0,0,0,0,0,1,4,5,11,27,42,57,65,84,108,138,181,207,207,207,217,244,254,279,287,291,303,310,322,338,341,342,343
16063,Wartburgkreis (Landkreis),0,0,0,0,0,0,0,0,0,0,0,2,3,5,5,5,10,12,13,13,14,15,15,15,17,17,18,19,27,29,29,29,29
09363,Weiden i.d. OPf. (Kreisfreie Stadt),0,0,0,0,0,0,0,0,3,4,7,7,7,7,7,7,7,7,20,20,22,31,40,47,55,61,64,70,77,93,109,125,136
09190,Weilheim-Schongau (Landkreis),0,1,1,3,3,3,3,3,8,8,11,19,19,26,27,44,56,74,84,93,104,115,136,154,177,183,186,203,227,242,257,273,279
16055,Weimar (Kreisfreie Stadt),0,0,0,0,0,0,1,1,1,1,2,2,2,2,6,11,11,11,11,14,16,20,22,24,27,29,31,33,37,41,44,46,49
16071,Weimarer Land (Landkreis),0,0,0,0,0,0,0,0,0,0,1,1,1,1,2,4,5,9,9,12,12,15,15,17,18,21,22,24,26,29,30,36,41
09577,Weißenburg-Gunzenhausen (Landkreis),0,0,0,0,0,0,0,0,0,2,2,2,2,2,5,7,8,12,20,24,33,44,51,74,82,91,96,101,110,133,141,146,155
06636,Werra-Meißner-Kreis (Landkreis),0,0,0,0,0,0,0,0,0,0,0,0,1,1,1,1,2,5,5,5,9,13,14,14,21,21,22,22,24,26,28,29,30
05170,Wesel (Kreis),1,1,1,1,1,1,1,4,15,26,27,27,49,72,85,99,124,124,124,146,164,176,192,208,217,217,237,243,254,258,267,278,285
03461,Wesermarsch (Landkreis),0,0,0,0,0,0,0,0,0,0,0,0,0,0,4,4,5,5,9,11,13,20,26,32,38,39,40,42,43,45,47,47,47
07143,Westerwaldkreis (Landkreis),0,0,0,0,0,0,0,0,1,2,5,5,36,53,54,54,78,83,88,99,103,106,115,130,137,142,147,160,178,184,191,198,204
06440,Wetteraukreis (Landkreis),0,0,0,0,0,0,0,0,1,1,2,8,8,15,15,26,26,38,38,41,41,54,66,75,84,91,91,105,124,135,141,146,153
06414,Wiesbaden (Kreisfreie Stadt),0,0,0,0,0,1,1,1,6,7,7,7,19,22,22,48,59,59,94,94,101,111,127,148,148,171,205,209,213,224,228,235,238
03405,Wilhelmshaven (Kreisfreie Stadt),0,0,0,0,0,0,2,2,2,2,2,2,3,3,5,5,5,5,5,5,6,6,6,6,6,6,6,7,7,7,8,9,10
15091,Wittenberg (Landkreis),0,0,0,0,0,0,0,1,2,2,2,2,2,3,7,11,15,19,24,36,38,53,60,62,66,80,82,89,92,97,101,107,113
03462,Wittmund (Landkreis),0,0,0,0,0,0,0,1,1,1,1,1,3,3,3,4,4,4,4,6,6,8,10,14,16,16,15,15,15,16,16,16,16
03158,Wolfenbüttel (Landkreis),0,0,0,0,0,0,0,0,0,0,0,0,0,1,2,3,6,6,6,7,11,20,26,29,32,32,35,47,55,60,73,75,76
03103,Wolfsburg (Kreisfreie Stadt),0,0,0,0,0,0,0,0,0,2,3,3,3,4,8,10,14,16,20,28,31,40,51,98,122,145,163,171,184,195,217,217,221
07319,Worms (Kreisfreie Stadt),0,0,0,0,0,0,0,0,0,1,1,2,2,14,16,22,22,30,30,37,47,50,55,59,67,67,71,76,81,84,93,109,111
09479,Wunsiedel i. Fichtelgebirge (Landkreis),0,0,0,0,0,0,0,0,0,0,0,1,2,14,16,16,16,41,53,62,73,88,115,115,159,188,197,221,265,292,319,351,416
05124,Wuppertal (Kreisfreie Stadt),0,0,0,0,0,0,0,0,4,6,10,16,20,31,50,61,74,74,74,109,117,138,162,172,185,185,197,210,249,262,285,298,328
09663,Würzburg (Kreisfreie Stadt),2,2,2,4,4,6,6,7,12,16,27,30,35,40,41,42,66,85,87,88,104,117,128,204,217,243,250,276,294,310,318,356,361
09679,Würzburg (Landkreis),0,0,3,3,3,9,9,10,16,19,32,36,41,47,60,70,100,100,130,149,167,180,215,172,211,201,215,230,244,260,268,278,290
08417,Zollernalbkreis (Landkreis),2,10,11,11,11,11,15,19,21,21,21,21,33,51,60,70,76,76,76,151,162,219,256,271,336,346,349,419,452,480,502,549,567
07320,Zweibrücken (Kreisfreie Stadt),0,0,0,0,0,0,0,0,0,0,0,0,0,0,0,0,2,3,3,3,4,4,5,9,9,9,11,12,15,21,22,26,26
14524,Zwickau (Landkreis),0,0,0,0,0,0,0,0,0,1,4,4,14,23,37,50,110,172,172,175,184,221,244,267,286,286,341,355,379,408,434,491,500
"Data can be used for reproduction with attribution to ""Risklayer GmbH (www.risklayer.com) and Center for Disaster Management and Risk Reduction Technology (CEDIM) at Karlsruhe Institute of Technology (KIT) and the Risklayer-CEDIM SARS-CoV-2 Crowdsourcing Contributors"".",,,,,,,,,,,,,,,,,,,,,,,,,,,,,,,,,,
Data sources can be found under https://docs.google.com/spreadsheets/d/1wg-s4_Lz2Stil6spQEYFdZaBEp8nWW26gVyfHqvcl8s/edit?usp=sharing,,,,,,,,,,,,,,,,,,,,,,,,,,,,,,,,,,
Authors: James Daniell| Johannes Brand| Andreas Schaefer and the Risklayer-CEDIM SARS-CoV-2 Crowdsourcing Contributors through Risklayer GmbH and Center for Disaster Management and Risk Reduction Technology (CEDIM) at the Karlsruhe Institute of Technology (KIT). ,,,,,,,,,,,,,,,,,,,,,,,,,,,,,,,,,,
